Epoch,Error,w1,w2
0,16598698993.377804,11145.279792861982,4518.600148500552
1,3217280919.1699862,11054.416804166567,5474.173444517463
2,3039249984.3940644,10967.240365110276,6390.976434751485
3,2875611991.5653615,10883.60091973979,7270.582145276801
4,2725212980.8976583,10803.35496225849,8114.499774506235
5,2586991134.660272,10726.36480930414,8924.177288421972
6,2459969427.4431195,10652.498363716324,9701.003904947764
7,2343248869.8600698,10581.628887888523,10446.31247752313
8,2236002289.9971848,10513.63478631588,11161.381781969258
9,2137468609.8302073,10448.399396965695,11847.43871057027
10,2046947577.2371686,10385.810791112523,12505.6603771345
11,1963794917.3633428,10325.761581294591,13137.17613664746
12,1887417869.97791,10268.14873706194,13743.06952298179
13,1817271082.1147811,10212.87340820016,14324.380107988893
14,1752852827.732135,10159.840755126488,14882.105285161959
15,1693701528.3731363,10108.959786167165,15417.201980930742
16,1639392550.8794985,10060.143201436944,15930.588296524353
17,1589535260.1141675,10013.307243052815,16423.145083218973
18,1543770306.4026606,9968.371551425007,16895.717453673402
19,1501767129.0163136,9925.259027378665,17349.11623194536
20,1463221658.5062282,9883.89569986962,17784.119344676736
21,1427854202.0639791,9844.210599067319,18201.47315583428
22,1395407497.3438532,9806.13563458715,18601.893747296315
23,1365644921.339794,9769.605478663183,18986.068147482376
24,1338348841.9767878,9734.557454060974,19354.655510133805
25,1313319101.0578709,9700.931426538022,19708.288245267995
26,1290371618.1116054,9668.669701667424,20047.573104246596
27,1269337105.5164769,9637.716925847692,20373.092220819482
28,1250059886.0442717,9608.019991328862,20685.404109930558
29,1232396804.6691413,9579.527945091979,20985.044625999264
30,1216216227.1376753,9552.191901425591,21272.52788232188
31,1201397118.392385,9525.964958049255,21548.347133170126
32,1187828194.4905355,9500.802115640156,21812.975620100562
33,1175407142.166137,9476.660200624758,22066.86738392681
34,1164039900.6485312,9453.497791103013,22310.458043747745
35,1153640000.7795837,9431.27514577803,22544.16554436838
36,1144127956.8660216,9409.954135769278,22768.390873395772
37,1135430707.06659,9389.498179192307,22983.518749240244
38,1127481098.447894,9369.872178392758,23189.918281202594
39,1120217413.1505456,9351.04245972697,23387.943602779582
40,1113582932.3903184,9332.97671578586,23577.934479274507
41,1107525535.279776,9315.64394996293,23760.21689075528
42,1101997329.6956873,9299.01442327132,23935.103591360272
43,1096954312.6384518,9283.059603318625,24102.894645911492
44,1092356057.7329867,9267.75211535198,24263.87794475594
45,1088165427.707673,9253.06569528934,24418.32969771829
46,1084348309.8601387,9238.975144656457,24566.514908012658
47,1080873372.6772056,9225.456287352157,24708.6878269263
48,1077711841.9222627,9212.485928167787,24845.092390055568
49,1074837294.6375363,9200.041812989646,24975.962635842607
50,1072225469.6324594,9188.10259061611,25101.523107130728
51,1069854093.1430302,9176.647776123942,25221.989236427587
52,1067702718.4518585,9165.657715720947,25337.567715537207
53,1065752578.3548932,9155.113553024636,25448.45685019491
54,1063986449.4496524,9144.997196709071,25554.846900313787
55,1062388527.3013799,9135.291289464365,25656.920406426314
56,1060944311.6187147,9125.979178215586,25754.852502881404
57,1059640500.6396918,9117.044885549958,25848.81121833414
58,1058464893.992507,9108.473082303348,25938.957764043767
59,1057406303.3541497,9100.249061258986,26025.446810474652
60,1056454470.2838858,9092.358711913315,26108.426752674743
61,1055599990.6583014,9084.788496265657,26188.039964886928
62,1054834245.1802404,9077.525425590145,26264.423044830008
63,1054149335.4760776,9070.557038150115,26337.707048068572
64,1053538025.3344781,9063.871377816658,26408.017712873825
65,1052993686.675388,9057.456973554692,26475.47567596112
66,1052510249.8708494,9051.302819741335,26540.196679474488
67,1052082158.0693613,9045.398357282837,26602.291769573123
68,1051704325.2033303,9039.733455497606,26661.867486960793
69,1051372097.38468,9034.298394734351,26719.026049684784
70,1051081217.4172775,9029.083849695415,26773.865528518294
71,1050827792.1764108,9024.08087343672,26826.480015227025
72,1050608262.6255621,9019.280882016918,26876.959784008694
73,1050419376.2590133,9014.675639769344,26925.39144638255
74,1050258161.7757318,9010.25724517152,26971.85809979452
75,1050121905.8054762,9006.018117287995,27016.439470193134
76,1050008131.5224583,9001.95098276322,27059.21204882059
77,1049914578.9949162,8998.048863342174,27100.249223453935
78,1049839187.1312044,8994.30506389729,27139.62140432138
79,1049780077.0940543,8990.713160941194,27177.39614490987
80,1049735537.0649545,8987.26699160548,27213.638257871087
81,1049704008.2500527,8983.960643066677,27248.4099262249
82,1049684072.0276363,8980.788442401214,27281.77081005087
83,1049674438.1452557,8977.74494685201,27313.778148851117
84,1049673933.88192,8974.824934489969,27344.486859759916
85,1049681494.0975614,8972.023395254373,27373.949631768708
86,1049696152.0981767,8969.33552235677,27402.21701612816
87,1049717031.2508149,8966.756704033658,27429.337513082293
88,1049743337.2878184,8964.282515633773,27455.35765508364
89,1049774351.2446394,8961.908712026414,27480.32208663204
90,1049809422.9799408,8959.631220317797,27504.273640874217
91,1049847965.2308708,8957.446132862893,27527.25341309551
92,1049889448.1601387,8955.349700560859,27549.300831229757
93,1049933394.3550231,8953.33832642242,27570.45372350847
94,1049979374.241637,8951.408559398296,27590.74838336526
95,1050027001.88071,8949.557088457987,27610.219631706907
96,1050075931.1138731,8947.780736908839,27628.9008766579
97,1050125852.0319358,8946.076456945557,27646.824170881035
98,1050176487.7389009,8944.4413244209,27664.020266572286
99,1050227591.3876115,8942.872533828511,27680.51866822443
100,1050278943.4648517,8941.36739348933,27696.34768324985
101,1050330349.3055058,8939.923320933294,27711.53447054948
102,1050381636.817039,8938.537838468434,27726.10508711115
103,1050432654.3970424,8937.208568929713,27740.08453271729
104,1050483269.0280324,8935.933231600387,27753.496792838734
105,1050533364.5349085,8934.709638298806,27766.364879788198
106,1050582839.991701,8933.535689624008,27778.710872204105
107,1050631608.265296,8932.409371353659,27790.555952932245
108,1050679594.6848353,8931.32875098808,27801.92044537073
109,1050726735.8263975,8930.291974434558,27812.823848340187
110,1050772978.4033949,8929.297262826143,27823.284869539122
111,1050818278.2539508,8928.342909469524,27833.321457642054
112,1050862599.417132,8927.427276916747,27842.950833095194
113,1050905913.2907065,8926.548794155735,27852.189517662762
114,1050948197.8635491,8925.705953914796,27861.053362774448
115,1050989437.0164905,8924.897310076489,27869.55757672283
116,1051029619.8858535,8924.121475196445,27877.716750757176
117,1051068740.284413,8923.377118122806,27885.54488411868
118,1051106796.1749159,8922.662961712305,27893.05540805989
119,1051143789.1917454,8921.97778063897,27900.261208889617
120,1051179724.206632,8921.320399291757,27907.174650082838
121,1051214608.9346634,8920.68968975747,27913.807593493475
122,1051248453.5771636,8920.084569885537,27920.171419706676
123,1051281270.4982784,8919.504001431273,27926.277047565163
124,1051313073.9323757,8918.946988274505,27932.134952903467
125,1051343879.7196068,8918.41257471047,27937.75518652201
126,1051373705.0671774,8917.899843810033,27943.147391431914
127,1051402568.3341159,8917.407915846452,27948.320819400193
128,1051430488.8374575,8916.935946785989,27953.2843468236
129,1051457486.6780155,8916.483126839723,27958.046489958484
130,1051483582.5839471,8916.048679074152,27962.615419532664
131,1051508797.7705964,8915.631858078157,27966.998974764527
132,1051533153.8151397,8915.231948684044,27971.204676813315
133,1051556672.5447128,8914.84826474049,27975.239741683617
134,1051579375.9367882,8914.480147935266,27979.111092606418
135,1051601286.0307301,8914.126966665717,27982.82537191768
136,1051622424.8494728,8913.788114955096,27986.388952455116
137,1051642814.3304011,8913.46301141283,27989.807948492482
138,1051662476.2645912,8913.151098237004,27993.08822623019
139,1051681432.2436172,8912.8518402573,27996.235413860395
140,1051699703.6132152,8912.564724016767,27999.254911223634
141,1051717311.4331659,8912.289256890841,28002.15189907371
142,1051734276.4427694,8912.024966242136,28004.931347966645
143,1051750619.0314043,8911.771398609484,28007.598026789026
144,1051766359.2136434,8911.528118929924,28010.156510940225
145,1051781516.6084965,8911.294709792219,28012.61119018283
146,1051796110.4223447,8911.070770720682,28014.96627617439
147,1051810159.4352058,8910.855917488057,28017.225809693595
148,1051823681.9899788,8910.649781456264,28019.393667573404
149,1051836695.9843545,8910.45200894391,28021.47356935275
150,1051849218.8651066,8910.26226061946,28023.469083658372
151,1051861267.624503,8910.080210919,28025.38363432776
152,1051872858.7986104,8909.90554748768,28027.2205062837
153,1051884008.4672576,8909.737970643748,28028.982851170407
154,1051894732.2554775,8909.577192864392,28030.673692760985
155,1051905045.3362591,8909.422938292415,28032.295932145586
156,1051914962.4344184,8909.274942262917,28033.852352708924
157,1051924497.8314682,8909.132950849205,28035.34562490598
158,1051933665.3713632,8908.996720427098,28036.778310843838
159,1051942478.4669641,8908.86601725694,28038.15286867769
160,1051950950.1071459,8908.740617082554,28039.471656828457
161,1051959092.8644493,8908.620304746462,28040.736938029262
162,1051966918.9031701,8908.504873820735,28041.950883207777
163,1051974439.9878272,8908.394126252802,28043.115575211028
164,1051981667.4919277,8908.287872025649,28044.233012379096
165,1051988612.4069722,8908.185928831777,28045.30511197372
166,1051995285.3516321,8908.088121760431,28046.333713467964
167,1052001696.5810709,8907.994282997466,28047.32058170229
168,1052007855.9963322,8907.904251537435,28048.267409912605
169,1052013773.1537895,8907.81787290733,28049.175822635447
170,1052019457.2745863,8907.734998901558,28050.047378495357
171,1052024917.2540773,8907.655487327633,28050.88357287909
172,1052030161.6711894,8907.579201762224,28051.685840501334
173,1052035198.7977309,8907.506011317084,28052.45555786636
174,1052040036.6075957,8907.435790414458,28053.194045629793
175,1052044682.7858539,8907.368418571648,28053.902570864528
176,1052049144.7377098,8907.303780194268,28054.58234923477
177,1052053429.5973214,8907.24176437793,28055.234547081775
178,1052057544.2364554,8907.182264717942,28055.86028342505
179,1052061495.2729819,8907.125179126753,28056.46063188235
180,1052065289.0792037,8907.070409658796,28057.036622511718
181,1052068931.7899828,8907.017862342425,28057.58924357882
182,1052072429.3107089,8906.96744701869,28058.119443252643
183,1052075787.3250539,8906.919077186649,28058.62813123226
184,1052079011.3025565,8906.872669854936,28059.11618030771
185,1052082106.5059918,8906.82814539939,28059.58442785746
186,1052085077.9985605,8906.785427426417,28060.033677285195
187,1052087930.6508771,8906.744442641933,28060.46469939822
188,1052090669.1477617,8906.7051207256,28060.878233730036
189,1052093297.9948376,8906.667394210173,28061.274989809197
190,1052095821.5249383,8906.631198365742,28061.655648376676
191,1052098243.9043243,8906.596471088675,28062.020862553843
192,1052100569.1387004,8906.563152795055,28062.371258963143
193,1052102801.0790616,8906.531186318456,28062.707438803143
194,1052104943.4273539,8906.500516811853,28063.029978880095
195,1052106999.7419366,8906.471091653522,28063.33943259762
196,1052108973.4428928,8906.442860356745,28063.63633090617
197,1052110867.8171512,8906.415774483201,28063.92118321406
198,1052112686.0234436,8906.38978755984,28064.194478261477
199,1052114431.0970916,8906.364854999156,28064.456684959012
200,1052116105.9546462,8906.34093402269,28064.708253192257
201,1052117713.3983487,8906.31798358762,28064.949614593672
202,1052119256.1204499,8906.295964316341,28065.181183283188
203,1052120736.7073863,8906.274838428926,28065.403356578696
204,1052122157.643788,8906.254569678267,28065.616515677797
205,1052123521.316375,8906.235123287914,28065.821026311834
206,1052124830.0176892,8906.216465892392,28066.017239373392
207,1052126085.9497067,8906.198565479961,28066.20549151837
208,1052127291.2273179,8906.181391337685,28066.38610574356
209,1052128447.8816836,8906.164913998731,28066.559391940893
210,1052129557.8634642,8906.149105191836,28066.72564742909
211,1052130623.0459365,8906.133937792763,28066.88515746385
212,1052131645.2279855,8906.119385777793,28067.038195727204
213,1052132626.1370107,8906.10542417906,28067.185024797138
214,1052133567.43169,8906.092029041714,28067.32589659813
215,1052134470.7046698,8906.07917738282,28067.46105283335
216,1052135337.4851407,8906.06684715193,28067.590725399405
217,1052136169.2413183,8906.055017193234,28067.7151367842
218,1052136967.3828335,8906.043667209287,28067.83450044868
219,1052137733.2630318,8906.03277772616,28067.94902119308
220,1052138468.1811863,8906.022330060034,28068.058895508308
221,1052139173.3846174,8906.01230628515,28068.16431191308
222,1052139850.0707501,8906.00268920305,28068.265451277373
223,1052140499.3890748,8905.993462313058,28068.362487132777
224,1052141122.4430441,8905.984609783984,28068.4555859702
225,1052141720.2918929,8905.976116426948,28068.544907525556
226,1052142293.9523853,8905.96796766933,28068.630605053815
227,1052142844.4005004,8905.960149529765,28068.712825591963
228,1052143372.5730497,8905.95264859414,28068.79171021129
229,1052143879.3692317,8905.945451992606,28068.867394259407
230,1052144365.6521248,8905.938547377462,28068.940007592504
231,1052144832.2501287,8905.931922902006,28069.00967479815
232,1052145279.9583368,8905.925567200176,28069.076515409033
233,1052145709.5398717,8905.919469367076,28069.14064410806
234,1052146121.7271523,8905.91361894024,28069.202170925124
235,1052146517.2231256,8905.908005881698,28069.26120142593
236,1052146896.702437,8905.902620560752,28069.31783689303
237,1052147260.8125651,8905.897453737445,28069.372174499713
238,1052147610.174904,8905.892496546714,28069.424307476627
239,1052147945.3858131,8905.887740483173,28069.47432527183
240,1052148267.0176116,8905.88317738653,28069.522313704198
241,1052148575.6195444,8905.878799427566,28069.56835511069
242,1052148871.7187101,8905.874599094732,28069.61252848763
243,1052149155.8209443,8905.870569181232,28069.654909626253
244,1052149428.4116712,8905.86670277267,28069.69557124272
245,1052149689.9567271,8905.862993235196,28069.734583102858
246,1052149940.903146,8905.859434204109,28069.772012141937
247,1052150181.6799121,8905.856019572935,28069.80792257947
248,1052150412.6986861,8905.85274348297,28069.842376029395
249,1052150634.3545028,8905.8496003132,28069.875431605826
250,1052150847.0264398,8905.84658467068,28069.907146024412
251,1052151051.0782568,8905.843691381273,28069.9375736997
252,1052151246.8590147,8905.840915480767,28069.966766838494
253,1052151434.7036649,8905.838252206362,28069.99477552942
254,1052151614.9336193,8905.835696988503,28070.021647828864
255,1052151787.8572974,8905.83324544303,28070.04742984342
256,1052151953.7706451,8905.83089336366,28070.072165809037
257,1052152112.9576406,8905.828636714776,28070.095898166845
258,1052152265.6907752,8905.826471624496,28070.11866763606
259,1052152412.2315183,8905.824394378023,28070.140513283757
260,1052152552.8307614,8905.822401411295,28070.161472591994
261,1052152687.7292435,8905.820489304837,28070.181581522065
262,1052152817.1579651,8905.818654777928,28070.200874576196
263,1052152941.3385733,8905.81689468294,28070.21938485678
264,1052153060.4837474,8905.815205999963,28070.23714412314
265,1052153174.7975563,8905.81358583161,28070.25418284605
266,1052153284.4758085,8905.812031398054,28070.270530259975
267,1052153389.7063842,8905.810540032246,28070.286214413278
268,1052153490.6695576,8905.809109175347,28070.301262216286
269,1052153587.5383023,8905.807736372344,28070.315699487554
270,1052153680.4785875,8905.806419267825,28070.329550998053
271,1052153769.649659,8905.805155601947,28070.34284051376
272,1052153855.2043164,8905.803943206553,28070.355590836378
273,1052153937.2891667,8905.802780001455,28070.367823842487
274,1052154016.0448809,8905.801663990866,28070.379560521087
275,1052154091.6064273,8905.800593259966,28070.390821009583
276,1052154164.1033108,8905.799565971638,28070.401624628343
277,1052154233.6597883,8905.798580363291,28070.411989913857
278,1052154300.3950801,8905.797634743849,28070.421934650534
279,1052154364.4235744,8905.79672749085,28070.431475901234
280,1052154425.8550308,8905.795857047666,28070.44063003651
281,1052154484.7947547,8905.79502192081,28070.44941276274
282,1052154541.3437862,8905.794220677404,28070.45783914904
283,1052154595.5990695,8905.7934519427,28070.465923653097
284,1052154647.6536198,8905.792714397725,28070.47368014606
285,1052154697.5966853,8905.79200677703,28070.48112193626
286,1052154745.5138903,8905.7913278665,28070.48826179207
287,1052154791.487395,8905.790676501283,28070.495111963803
288,1052154835.5960262,8905.790051563787,28070.501684204788
289,1052154877.9154139,8905.789451981764,28070.50798979144
290,1052154918.5181239,8905.788876726474,28070.51403954268
291,1052154957.4737799,8905.788324810912,28070.51984383846
292,1052154994.8491824,8905.787795288117,28070.52541263763
293,1052155030.7084242,8905.787287249554,28070.530755494943
294,1052155065.1129994,8905.786799823547,28070.535881577467
295,1052155098.1219072,8905.786332173784,28070.54079968039
296,1052155129.791758,8905.785883497892,28070.545518242023
297,1052155160.176863,8905.785453026043,28070.55004535832
298,1052155189.3293337,8905.785040019648,28070.554388796758
299,1052155217.299168,8905.784643770088,28070.558556009666
300,1052155244.1343349,8905.78426359749,28070.562554147
301,1052155269.8808599,8905.783898849564,28070.566390068645
302,1052155294.5829015,8905.783548900488,28070.57007035614
303,1052155318.2828276,8905.78321314983,28070.573601324013
304,1052155341.021287,8905.782891021527,28070.576989030567
305,1052155362.8372806,8905.782581962874,28070.58023928832
306,1052155383.7682279,8905.782285443602,28070.58335767397
307,1052155403.850031,8905.782000954949,28070.586349537934
308,1052155423.1171356,8905.781728008802,28070.589220013542
309,1052155441.6025877,8905.781466136852,28070.59197402587
310,1052155459.3381004,8905.781214889785,28070.594616300154
311,1052155476.3540919,8905.780973836518,28070.597151369926
312,1052155492.6797516,8905.78074256346,28070.59958358479
313,1052155508.343084,8905.780520673803,28070.60191711784
314,1052155523.3709567,8905.780307786834,28070.60415597289
315,1052155537.7891496,8905.780103537289,28070.60630399127
316,1052155551.6223936,8905.779907574723,28070.608364858497
317,1052155564.8944217,8905.77971956291,28070.610342110536
318,1052155577.6279999,8905.779539179266,28070.61223913989
319,1052155589.8449707,8905.779366114297,28070.61405920142
320,1052155601.5662922,8905.779200071056,28070.61580541793
321,1052155612.8120747,8905.77904076466,28070.617480785513
322,1052155623.6016065,8905.778887921775,28070.619088178715
323,1052155633.9533995,8905.778741280154,28070.620630355446
324,1052155643.8852102,8905.778600588197,28070.622109961725
325,1052155653.41408,8905.77846560451,28070.623529536213
326,1052155662.556351,8905.77833609749,28070.624891514562
327,1052155671.3277129,8905.778211844936,28070.626198233622
328,1052155679.7432101,8905.778092633655,28070.62745193541
329,1052155687.81728,8905.777978259113,28070.628654770982
330,1052155695.5637742,8905.77786852507,28070.629808804126
331,1052155702.9959815,8905.777763243244,28070.630916014892
332,1052155710.1266545,8905.777662233,28070.631978302994
333,1052155716.9680259,8905.777565321025,28070.632997491084
334,1052155723.5318327,8905.777472341044,28070.633975327833
335,1052155729.8293353,8905.77738313352,28070.634913490994
336,1052155735.871339,8905.777297545397,28070.63581359023
337,1052155741.668207,8905.777215429827,28070.6366771699
338,1052155747.229887,8905.777136645918,28070.637505711715
339,1052155752.5659182,8905.77706105849,28070.638300637253
340,1052155757.6854582,8905.77698853786,28070.639063310427
341,1052155762.597289,8905.776918959593,28070.63979503981
342,1052155767.3098383,8905.776852204317,28070.64049708087
343,1052155771.8311895,8905.776788157485,28070.64117063814
344,1052155776.1691003,8905.776726709217,28070.641816867286
345,1052155780.3310146,8905.776667754079,28070.642436877108
346,1052155784.3240705,8905.776611190915,28070.64303173138
347,1052155788.1551206,8905.776556922678,28070.64360245075
348,1052155791.8307372,8905.776504856256,28070.644150014417
349,1052155795.3572253,8905.776454902318,28070.644675361884
350,1052155798.7406365,8905.776406975148,28070.645179394523
351,1052155801.9867756,8905.776360992522,28070.645662977124
352,1052155805.1012106,8905.776316875541,28070.646126939435
353,1052155808.089288,8905.776274548507,28070.64657207749
354,1052155810.9561316,8905.776233938801,28070.646999155033
355,1052155813.7066612,8905.776194976745,28070.647408904846
356,1052155816.3455932,8905.77615759549,28070.647802029955
357,1052155818.8774589,8905.776121730898,28070.648179204858
358,1052155821.3066016,8905.776087321432,28070.648541076735
359,1052155823.6371887,8905.776054308055,28070.648888266438
360,1052155825.8732179,8905.776022634123,28070.64922136968
361,1052155828.0185255,8905.775992245295,28070.649540957977
362,1052155830.0767932,8905.775963089425,28070.649847579683
363,1052155832.0515513,8905.775935116493,28070.65014176087
364,1052155833.946189,8905.7759082785,28070.650424006308
365,1052155835.7639583,8905.775882529399,28070.65069480026
366,1052155837.507973,8905.775857825014,28070.650954607325
367,1052155839.1812307,8905.775834122953,28070.65120387329
368,1052155840.7866002,8905.775811382553,28070.651443025832
369,1052155842.3268356,8905.775789564794,28070.65167247528
370,1052155843.8045784,8905.775768632244,28070.651892615326
371,1052155845.2223676,8905.775748548987,28070.65210382366
372,1052155846.5826322,8905.775729280564,28070.65230646268
373,1052155847.887708,8905.775710793914,28070.652500880067
374,1052155849.1398332,8905.77569305732,28070.652687409405
375,1052155850.341156,8905.775676040348,28070.652866370703
376,1052155851.4937379,8905.775659713805,28070.653038071046
377,1052155852.599558,8905.775644049674,28070.653202805028
378,1052155853.6605111,8905.775629021082,28070.653360855278
379,1052155854.6784179,8905.775614602242,28070.653512492987
380,1052155855.6550272,8905.775600768417,28070.653657978324
381,1052155856.592012,8905.775587495866,28070.653797560917
382,1052155857.4909809,8905.77557476182,28070.653931480258
383,1052155858.3534758,8905.775562544432,28070.654059966106
384,1052155859.1809772,8905.775550822736,28070.654183238923
385,1052155859.9749048,8905.775539576625,28070.6543015102
386,1052155860.736621,8905.775528786799,28070.654414982884
387,1052155861.4674327,8905.775518434744,28070.654523851666
388,1052155862.1685917,8905.775508502706,28070.65462830333
389,1052155862.8413045,8905.775498973635,28070.654728517104
390,1052155863.4867221,8905.775489831187,28070.654824664918
391,1052155864.1059543,8905.775481059674,28070.654916911742
392,1052155864.7000622,8905.775472644045,28070.65500541585
393,1052155865.2700652,8905.775464569862,28070.655090329106
394,1052155865.8169433,8905.775456823272,28070.655171797196
395,1052155866.3416322,8905.775449390982,28070.65524995989
396,1052155866.8450321,8905.775442260243,28070.655324951305
397,1052155867.3280089,8905.775435418816,28070.655396900096
398,1052155867.7913907,8905.775428854964,28070.65546592974
399,1052155868.2359688,8905.775422557426,28070.655532158653
400,1052155868.6625117,8905.7754165154,28070.655595700468
401,1052155869.0717485,8905.775410718514,28070.655656664207
402,1052155869.4643807,8905.775405156824,28070.655715154473
403,1052155869.8410828,8905.775399820788,28070.65577127163
404,1052155870.2025001,8905.775394701248,28070.65582511197
405,1052155870.5492557,8905.775389789424,28070.65587676785
406,1052155870.8819416,8905.775385076888,28070.6559263279
407,1052155871.2011284,8905.77538055555,28070.65597387716
408,1052155871.5073669,8905.775376217656,28070.656019497208
409,1052155871.8011795,8905.775372055763,28070.656063266328
410,1052155872.0830714,8905.77536806273,28070.6561052596
411,1052155872.3535253,8905.775364231707,28070.656145549096
412,1052155872.6130077,8905.77536055612,28070.656184203937
413,1052155872.8619614,8905.775357029657,28070.656221290443
414,1052155873.100815,8905.775353646273,28070.656256872255
415,1052155873.3299769,8905.775350400165,28070.65629101041
416,1052155873.54984,8905.77534728576,28070.656323763465
417,1052155873.7607843,8905.775344297715,28070.656355187642
418,1052155873.9631698,8905.775341430906,28070.65638533685
419,1052155874.1573437,8905.775338680409,28070.656414262823
420,1052155874.3436402,8905.775336041508,28070.656442015184
421,1052155874.5223769,8905.775333509673,28070.656468641566
422,1052155874.6938621,8905.775331080564,28070.656494187635
423,1052155874.8583899,8905.77532875001,28070.656518697226
424,1052155875.0162424,8905.775326514013,28070.6565422124
425,1052155875.1676903,8905.775324368737,28070.656564773482
426,1052155875.3129926,8905.775322310501,28070.656586419216
427,1052155875.4524007,8905.775320335772,28070.656607186713
428,1052155875.5861521,8905.775318441165,28070.656627111617
429,1052155875.7144771,8905.775316623427,28070.656646228108
430,1052155875.8375958,8905.77531487944,28070.65666456899
431,1052155875.9557195,8905.77531320621,28070.656682165732
432,1052155876.0690502,8905.77531160087,28070.656699048523
433,1052155876.1777829,8905.775310060662,28070.65671524633
434,1052155876.2821038,8905.775308582944,28070.65673078694
435,1052155876.3821917,8905.775307165182,28070.656745697037
436,1052155876.4782192,8905.775305804942,28070.656760002184
437,1052155876.5703504,8905.775304499892,28070.656773726925
438,1052155876.658744,8905.77530324779,28070.656786894822
439,1052155876.7435508,8905.775302046493,28070.65679952845
440,1052155876.8249161,8905.775300893933,28070.656811649504
441,1052155876.902981,8905.775299788136,28070.656823278765
442,1052155876.9778787,8905.775298727203,28070.656834436202
443,1052155877.0497379,8905.775297709317,28070.656845140948
444,1052155877.1186805,8905.775296732729,28070.65685541138
445,1052155877.184827,8905.775295795762,28070.656865265104
446,1052155877.2482888,8905.775294896812,28070.656874719043
447,1052155877.3091766,8905.775294034334,28070.65688378941
448,1052155877.3675938,8905.77529320685,28070.65689249176
449,1052155877.4236397,8905.77529241294,28070.65690084103
450,1052155877.477414,8905.775291651238,28070.65690885155
451,1052155877.5290048,8905.775290920445,28070.65691653705
452,1052155877.578503,8905.775290219299,28070.656923910745
453,1052155877.625992,8905.775289546602,28070.65693098525
454,1052155877.6715562,8905.775288901199,28070.65693777273
455,1052155877.715269,8905.77528828198,28070.65694428482
456,1052155877.7572107,8905.775287687888,28070.656950532695
457,1052155877.7974498,8905.775287117896,28070.65695652708
458,1052155877.8360553,8905.77528657103,28070.65696227826
459,1052155877.8730963,8905.775286046353,28070.6569677961
460,1052155877.9086341,8905.775285542964,28070.656973090066
461,1052155877.942729,8905.775285059999,28070.656978169238
462,1052155877.9754406,8905.775284596628,28070.65698304233
463,1052155878.0068253,8905.77528415206,28070.65698771771
464,1052155878.0369372,8905.775283725527,28070.65699220339
465,1052155878.0658274,8905.7752833163,28070.656996507085
466,1052155878.093545,8905.775282923676,28070.657000636158
467,1052155878.1201373,8905.775282546983,28070.657004597702
468,1052155878.1456525,8905.775282185574,28070.65700839851
469,1052155878.1701301,8905.775281838827,28070.65701204511
470,1052155878.1936157,8905.77528150615,28070.65701554377
471,1052155878.2161493,8905.775281186969,28070.657018900478
472,1052155878.2377677,8905.775280880738,28070.657022120995
473,1052155878.2585094,8905.775280586933,28070.657025210847
474,1052155878.2784086,8905.775280305048,28070.657028175327
475,1052155878.2975013,8905.7752800346,28070.65703101953
476,1052155878.3158205,8905.775279775124,28070.657033748343
477,1052155878.3333949,8905.775279526175,28070.657036366447
478,1052155878.3502562,8905.775279287329,28070.65703887832
479,1052155878.3664334,8905.77527905817,28070.657041288265
480,1052155878.3819556,8905.775278838313,28070.657043600448
481,1052155878.3968468,8905.775278627374,28070.657045818825
482,1052155878.4111338,8905.775278424993,28070.65704794719
483,1052155878.4248409,8905.775278230823,28070.657049989197
484,1052155878.4379927,8905.775278044532,28070.65705194835
485,1052155878.4506102,8905.7752778658,28070.657053828007
486,1052155878.462716,8905.77527769432,28070.657055631407
487,1052155878.4743313,8905.775277529796,28070.65705736164
488,1052155878.4854747,8905.775277371948,28070.657059021672
489,1052155878.4961655,8905.775277220504,28070.65706061435
490,1052155878.5064234,8905.775277075205,28070.657062142418
491,1052155878.5162642,8905.775276935801,28070.657063608476
492,1052155878.5257068,8905.775276802055,28070.657065015053
493,1052155878.5347652,8905.77527667373,28070.65706636457
494,1052155878.543457,8905.775276550616,28070.657067659322
495,1052155878.5517964,8905.775276432494,28070.65706890156
496,1052155878.5597969,8905.775276319167,28070.657070093388
497,1052155878.5674717,8905.775276210436,28070.65707123687
498,1052155878.5748377,8905.775276106117,28070.657072333954
499,1052155878.5819027,8905.775276006032,28070.657073386516
500,1052155878.5886815,8905.77527591001,28070.657074396357
501,1052155878.5951859,8905.77527581788,28070.657075365252
502,1052155878.6014261,8905.77527572949,28070.657076294836
503,1052155878.6074123,8905.775275644684,28070.657077186686
504,1052155878.6131562,8905.77527556332,28070.657078042364
505,1052155878.6186671,8905.775275485255,28070.657078863336
506,1052155878.6239548,8905.77527541036,28070.65707965098
507,1052155878.6290272,8905.775275338503,28070.657080406672
508,1052155878.6338938,8905.775275269563,28070.657081131703
509,1052155878.6385645,8905.775275203418,28070.657081827318
510,1052155878.6430452,8905.775275139957,28070.657082494712
511,1052155878.647343,8905.775275079071,28070.657083135025
512,1052155878.6514668,8905.775275020655,28070.657083749364
513,1052155878.655423,8905.775274964608,28070.657084338785
514,1052155878.6592187,8905.775274910839,28070.65708490428
515,1052155878.6628603,8905.775274859247,28070.657085446834
516,1052155878.6663562,8905.77527480975,28070.65708596738
517,1052155878.6697091,8905.775274762262,28070.6570864668
518,1052155878.6729246,8905.775274716701,28070.657086945947
519,1052155878.6760108,8905.775274672988,28070.65708740566
520,1052155878.678971,8905.775274631049,28070.657087846725
521,1052155878.6818118,8905.775274590811,28070.657088269894
522,1052155878.6845366,8905.775274552207,28070.657088675885
523,1052155878.6871517,8905.775274515167,28070.65708906541
524,1052155878.689661,8905.775274479629,28070.657089439137
525,1052155878.6920675,8905.775274445534,28070.6570897977
526,1052155878.6943774,8905.775274412825,28070.65709014171
527,1052155878.6965928,8905.775274381442,28070.657090471763
528,1052155878.6987178,8905.775274351328,28070.65709078843
529,1052155878.7007569,8905.77527432244,28070.657091092246
530,1052155878.7027144,8905.775274294723,28070.657091383735
531,1052155878.7045913,8905.775274268131,28070.65709166339
532,1052155878.7063929,8905.775274242616,28070.65709193171
533,1052155878.7081215,8905.77527421814,28070.657092189143
534,1052155878.7097791,8905.775274194655,28070.65709243613
535,1052155878.7113708,8905.775274172121,28070.657092673104
536,1052155878.7128953,8905.775274150501,28070.65709290046
537,1052155878.7143595,8905.77527412976,28070.65709311858
538,1052155878.715765,8905.775274109861,28070.657093327853
539,1052155878.7171129,8905.77527409077,28070.65709352863
540,1052155878.7184056,8905.775274072454,28070.657093721264
541,1052155878.7196465,8905.77527405488,28070.657093906084
542,1052155878.7208362,8905.775274038018,28070.657094083406
543,1052155878.7219795,8905.77527402184,28070.657094253547
544,1052155878.7230741,8905.775274006319,28070.657094416776
545,1052155878.7241257,8905.775273991429,28070.657094573377
546,1052155878.7251338,8905.775273977139,28070.657094723636
547,1052155878.7261016,8905.775273963434,28070.65709486778
548,1052155878.7270299,8905.775273950283,28070.657095006092
549,1052155878.7279217,8905.775273937665,28070.657095138784
550,1052155878.7287756,8905.77527392556,28070.6570952661
551,1052155878.7295957,8905.775273913945,28070.657095388244
552,1052155878.7303827,8905.775273902804,28070.657095505423
553,1052155878.731138,8905.775273892112,28070.657095617855
554,1052155878.7318618,8905.775273881853,28070.657095725735
555,1052155878.7325565,8905.775273872012,28070.657095829236
556,1052155878.7332224,8905.77527386257,28070.657095928527
557,1052155878.7338613,8905.775273853513,28070.65709602379
558,1052155878.7344759,8905.775273844822,28070.657096115192
559,1052155878.7350652,8905.775273836482,28070.65709620288
560,1052155878.7356293,8905.775273828483,28070.657096287014
561,1052155878.7361704,8905.775273820806,28070.65709636774
562,1052155878.7366904,8905.775273813442,28070.657096445186
563,1052155878.7371901,8905.775273806377,28070.657096519488
564,1052155878.7376686,8905.775273799598,28070.657096590778
565,1052155878.7381265,8905.775273793095,28070.65709665917
566,1052155878.7385678,8905.775273786856,28070.657096724794
567,1052155878.7389905,8905.775273780868,28070.65709678776
568,1052155878.7393954,8905.775273775123,28070.657096848183
569,1052155878.7397844,8905.775273769614,28070.65709690613
570,1052155878.7401584,8905.775273764324,28070.657096961728
571,1052155878.7405161,8905.775273759255,28070.65709701508
572,1052155878.7408594,8905.775273754385,28070.65709706626
573,1052155878.7411895,8905.775273749716,28070.657097115374
574,1052155878.7415056,8905.775273745236,28070.657097162486
575,1052155878.7418095,8905.77527374094,28070.65709720768
576,1052155878.7420999,8905.775273736816,28070.65709725104
577,1052155878.7423792,8905.77527373286,28070.65709729265
578,1052155878.7426478,8905.775273729065,28070.657097332572
579,1052155878.742905,8905.775273725421,28070.65709737087
580,1052155878.7431521,8905.775273721927,28070.65709740762
581,1052155878.7433882,8905.775273718573,28070.65709744288
582,1052155878.7436155,8905.775273715359,28070.657097476706
583,1052155878.7438327,8905.775273712272,28070.657097509164
584,1052155878.7440418,8905.775273709312,28070.657097540294
585,1052155878.744243,8905.775273706471,28070.65709757016
586,1052155878.7444345,8905.775273703744,28070.657097598825
587,1052155878.7446187,8905.775273701132,28070.657097626314
588,1052155878.7447969,8905.775273698624,28070.657097652693
589,1052155878.7449665,8905.775273696217,28070.65709767801
590,1052155878.74513,8905.775273693907,28070.657097702293
591,1052155878.7452849,8905.775273691694,28070.657097725587
592,1052155878.7454363,8905.775273689567,28070.657097747946
593,1052155878.745579,8905.775273687526,28070.657097769392
594,1052155878.7457184,8905.77527368557,28070.65709778997
595,1052155878.7458501,8905.775273683694,28070.65709780971
596,1052155878.7459774,8905.775273681893,28070.657097828647
597,1052155878.7461007,8905.775273680165,28070.657097846826
598,1052155878.7462174,8905.775273678506,28070.657097864263
599,1052155878.7463294,8905.775273676914,28070.657097880983
600,1052155878.7464364,8905.77527367539,28070.65709789704
601,1052155878.7465397,8905.775273673926,28070.657097912437
602,1052155878.7466396,8905.77527367252,28070.65709792722
603,1052155878.746735,8905.775273671172,28070.657097941403
604,1052155878.7468257,8905.775273669879,28070.657097955016
605,1052155878.7469141,8905.775273668638,28070.65709796805
606,1052155878.7469968,8905.775273667448,28070.657097980573
607,1052155878.7470781,8905.775273666306,28070.65709799258
608,1052155878.7471555,8905.77527366521,28070.6570980041
609,1052155878.7472303,8905.77527366416,28070.657098015152
610,1052155878.7473012,8905.77527366315,28070.657098025757
611,1052155878.747369,8905.775273662182,28070.657098035925
612,1052155878.7474353,8905.775273661257,28070.657098045685
613,1052155878.7474974,8905.775273660363,28070.65709805506
614,1052155878.7475575,8905.77527365951,28070.657098064054
615,1052155878.7476163,8905.775273658688,28070.657098072676
616,1052155878.7476716,8905.775273657902,28070.65709808095
617,1052155878.7477249,8905.775273657147,28070.65709808889
618,1052155878.7477758,8905.775273656422,28070.65709809651
619,1052155878.7478249,8905.775273655727,28070.65709810382
620,1052155878.7478724,8905.77527365506,28070.657098110838
621,1052155878.7479172,8905.77527365442,28070.65709811756
622,1052155878.747961,8905.775273653808,28070.65709812401
623,1052155878.7480029,8905.775273653218,28070.657098130207
624,1052155878.7480422,8905.775273652653,28070.657098136162
625,1052155878.7480805,8905.77527365211,28070.65709814186
626,1052155878.7481178,8905.77527365159,28070.65709814733
627,1052155878.7481521,8905.775273651092,28070.657098152566
628,1052155878.7481862,8905.775273650614,28070.657098157608
629,1052155878.7482183,8905.775273650155,28070.65709816243
630,1052155878.7482495,8905.775273649713,28070.65709816706
631,1052155878.7482789,8905.775273649291,28070.65709817151
632,1052155878.7483084,8905.775273648886,28070.657098175776
633,1052155878.7483345,8905.775273648496,28070.65709817987
634,1052155878.7483621,8905.775273648123,28070.65709818379
635,1052155878.7483871,8905.775273647765,28070.65709818756
636,1052155878.7484109,8905.775273647421,28070.657098191165
637,1052155878.7484332,8905.775273647094,28070.657098194628
638,1052155878.7484562,8905.775273646776,28070.65709819796
639,1052155878.7484782,8905.775273646474,28070.65709820115
640,1052155878.7484995,8905.77527364618,28070.657098204207
641,1052155878.7485183,8905.775273645902,28070.657098207143
642,1052155878.7485373,8905.775273645635,28070.657098209955
643,1052155878.7485553,8905.775273645379,28070.65709821266
644,1052155878.7485728,8905.775273645131,28070.657098215255
645,1052155878.7485902,8905.775273644895,28070.657098217747
646,1052155878.7486051,8905.77527364467,28070.657098220134
647,1052155878.7486215,8905.775273644449,28070.657098222422
648,1052155878.7486361,8905.77527364424,28070.65709822462
649,1052155878.7486496,8905.775273644042,28070.657098226726
650,1052155878.7486628,8905.775273643849,28070.657098228738
651,1052155878.7486768,8905.775273643665,28070.65709823068
652,1052155878.748689,8905.775273643489,28070.657098232543
653,1052155878.7487005,8905.775273643318,28070.657098234336
654,1052155878.748712,8905.775273643154,28070.65709823605
655,1052155878.7487236,8905.775273643,28070.657098237687
656,1052155878.7487338,8905.775273642847,28070.657098239277
657,1052155878.7487446,8905.775273642703,28070.657098240797
658,1052155878.748754,8905.775273642565,28070.657098242245
659,1052155878.7487628,8905.775273642434,28070.65709824364
660,1052155878.7487729,8905.775273642304,28070.657098244978
661,1052155878.7487814,8905.775273642183,28070.657098246265
662,1052155878.7487892,8905.775273642066,28070.657098247488
663,1052155878.7487969,8905.775273641953,28070.657098248674
664,1052155878.7488047,8905.775273641846,28070.657098249805
665,1052155878.7488118,8905.775273641742,28070.657098250893
666,1052155878.7488191,8905.775273641644,28070.65709825194
667,1052155878.7488254,8905.77527364155,28070.657098252934
668,1052155878.7488309,8905.775273641459,28070.65709825388
669,1052155878.7488387,8905.77527364137,28070.6570982548
670,1052155878.7488449,8905.775273641288,28070.657098255688
671,1052155878.7488499,8905.775273641206,28070.657098256528
672,1052155878.7488551,8905.77527364113,28070.657098257336
673,1052155878.7488599,8905.775273641057,28070.657098258114
674,1052155878.7488663,8905.775273640984,28070.65709825887
675,1052155878.7488706,8905.775273640917,28070.657098259588
676,1052155878.7488755,8905.775273640851,28070.65709826028
677,1052155878.7488796,8905.775273640787,28070.65709826094
678,1052155878.7488834,8905.775273640726,28070.65709826157
679,1052155878.7488877,8905.77527364067,28070.657098262192
680,1052155878.7488924,8905.775273640613,28070.657098262778
681,1052155878.7488955,8905.775273640558,28070.65709826334
682,1052155878.7488991,8905.77527364051,28070.65709826387
683,1052155878.7489029,8905.77527364046,28070.657098264386
684,1052155878.7489066,8905.77527364041,28070.657098264892
685,1052155878.7489104,8905.775273640365,28070.657098265376
686,1052155878.7489123,8905.775273640324,28070.65709826583
687,1052155878.7489153,8905.775273640282,28070.657098266267
688,1052155878.7489176,8905.775273640242,28070.65709826669
689,1052155878.7489204,8905.775273640202,28070.657098267096
690,1052155878.7489238,8905.775273640164,28070.65709826749
691,1052155878.7489264,8905.77527364013,28070.657098267857
692,1052155878.7489284,8905.775273640096,28070.657098268202
693,1052155878.7489305,8905.775273640065,28070.657098268537
694,1052155878.7489322,8905.775273640034,28070.657098268857
695,1052155878.7489352,8905.775273640003,28070.657098269174
696,1052155878.7489369,8905.775273639976,28070.65709826948
697,1052155878.7489378,8905.775273639947,28070.65709826977
698,1052155878.7489402,8905.775273639922,28070.65709827005
699,1052155878.7489421,8905.775273639896,28070.657098270312
700,1052155878.7489442,8905.775273639872,28070.65709827057
701,1052155878.7489458,8905.775273639849,28070.657098270814
702,1052155878.7489473,8905.775273639825,28070.65709827105
703,1052155878.7489486,8905.775273639805,28070.657098271273
704,1052155878.7489501,8905.775273639785,28070.657098271487
705,1052155878.7489514,8905.775273639765,28070.657098271695
706,1052155878.748952,8905.775273639747,28070.65709827189
707,1052155878.7489549,8905.775273639729,28070.657098272073
708,1052155878.7489556,8905.775273639712,28070.657098272248
709,1052155878.7489562,8905.775273639696,28070.657098272415
710,1052155878.748957,8905.775273639681,28070.657098272583
711,1052155878.7489582,8905.775273639667,28070.657098272746
712,1052155878.7489595,8905.775273639649,28070.657098272906
713,1052155878.7489611,8905.775273639636,28070.65709827306
714,1052155878.7489612,8905.775273639621,28070.6570982732
715,1052155878.7489622,8905.775273639609,28070.657098273336
716,1052155878.7489631,8905.775273639596,28070.657098273467
717,1052155878.7489641,8905.775273639585,28070.657098273598
718,1052155878.7489649,8905.775273639572,28070.65709827372
719,1052155878.748966,8905.775273639561,28070.657098273845
720,1052155878.7489668,8905.77527363955,28070.657098273958
721,1052155878.7489676,8905.775273639541,28070.657098274056
722,1052155878.7489688,8905.77527363953,28070.657098274154
723,1052155878.7489676,8905.775273639521,28070.65709827425
724,1052155878.7489697,8905.775273639512,28070.65709827434
725,1052155878.748971,8905.775273639505,28070.657098274434
726,1052155878.7489711,8905.775273639496,28070.657098274518
727,1052155878.7489705,8905.775273639487,28070.6570982746
728,1052155878.7489719,8905.775273639481,28070.65709827468
729,1052155878.7489715,8905.775273639472,28070.65709827476
730,1052155878.7489733,8905.775273639465,28070.65709827484
731,1052155878.7489733,8905.77527363946,28070.657098274914
732,1052155878.7489734,8905.775273639452,28070.657098274976
733,1052155878.7489748,8905.775273639447,28070.65709827504
734,1052155878.7489743,8905.775273639441,28070.657098275104
735,1052155878.748975,8905.775273639436,28070.657098275162
736,1052155878.7489761,8905.775273639429,28070.65709827522
737,1052155878.748975,8905.775273639423,28070.657098275275
738,1052155878.7489754,8905.775273639418,28070.65709827533
739,1052155878.7489758,8905.775273639414,28070.657098275373
740,1052155878.7489762,8905.77527363941,28070.657098275417
741,1052155878.7489765,8905.775273639407,28070.657098275457
742,1052155878.7489768,8905.775273639403,28070.657098275497
743,1052155878.7489774,8905.7752736394,28070.657098275537
744,1052155878.7489775,8905.775273639394,28070.657098275577
745,1052155878.7489773,8905.77527363939,28070.657098275617
746,1052155878.7489786,8905.775273639389,28070.657098275653
747,1052155878.7489794,8905.775273639385,28070.657098275686
748,1052155878.7489794,8905.775273639381,28070.65709827572
749,1052155878.7489787,8905.77527363938,28070.65709827575
750,1052155878.7489787,8905.775273639376,28070.65709827578
751,1052155878.7489798,8905.775273639372,28070.65709827581
752,1052155878.74898,8905.77527363937,28070.65709827584
753,1052155878.7489793,8905.775273639367,28070.657098275868
754,1052155878.7489798,8905.775273639365,28070.657098275897
755,1052155878.7489804,8905.775273639361,28070.657098275922
756,1052155878.7489805,8905.775273639361,28070.657098275944
757,1052155878.7489803,8905.775273639358,28070.657098275966
758,1052155878.7489797,8905.775273639356,28070.657098275984
759,1052155878.7489811,8905.775273639356,28070.657098276002
760,1052155878.7489815,8905.775273639352,28070.65709827602
761,1052155878.748981,8905.775273639352,28070.657098276042
762,1052155878.7489814,8905.775273639349,28070.657098276068
763,1052155878.7489814,8905.775273639347,28070.65709827609
764,1052155878.7489805,8905.775273639345,28070.65709827611
765,1052155878.7489812,8905.775273639343,28070.657098276126
766,1052155878.7489814,8905.775273639341,28070.65709827614
767,1052155878.7489821,8905.77527363934,28070.657098276155
768,1052155878.7489822,8905.775273639338,28070.657098276173
769,1052155878.7489828,8905.775273639338,28070.65709827619
770,1052155878.7489818,8905.775273639334,28070.65709827621
771,1052155878.7489815,8905.775273639332,28070.657098276224
772,1052155878.7489817,8905.775273639334,28070.65709827624
773,1052155878.7489821,8905.77527363933,28070.657098276253
774,1052155878.7489821,8905.775273639329,28070.657098276268
775,1052155878.7489824,8905.775273639327,28070.657098276282
776,1052155878.7489815,8905.775273639329,28070.657098276297
777,1052155878.7489823,8905.775273639325,28070.65709827631
778,1052155878.7489831,8905.775273639323,28070.657098276326
779,1052155878.7489828,8905.775273639321,28070.657098276344
780,1052155878.7489825,8905.775273639321,28070.65709827636
781,1052155878.7489833,8905.77527363932,28070.657098276377
782,1052155878.7489833,8905.775273639318,28070.657098276395
783,1052155878.7489833,8905.775273639316,28070.65709827641
784,1052155878.7489835,8905.775273639314,28070.65709827642
785,1052155878.748983,8905.775273639312,28070.65709827643
786,1052155878.7489833,8905.775273639312,28070.657098276442
787,1052155878.7489828,8905.775273639312,28070.65709827645
788,1052155878.7489836,8905.77527363931,28070.657098276457
789,1052155878.7489836,8905.77527363931,28070.657098276464
790,1052155878.7489841,8905.775273639309,28070.65709827647
791,1052155878.7489833,8905.77527363931,28070.65709827648
792,1052155878.7489836,8905.77527363931,28070.657098276482
793,1052155878.7489829,8905.77527363931,28070.657098276486
794,1052155878.7489837,8905.775273639309,28070.65709827649
795,1052155878.7489836,8905.775273639309,28070.657098276493
796,1052155878.7489839,8905.775273639309,28070.657098276497
797,1052155878.7489839,8905.775273639309,28070.657098276497
798,1052155878.7489839,8905.775273639309,28070.657098276497
799,1052155878.7489839,8905.775273639309,28070.657098276497
800,1052155878.7489839,8905.775273639309,28070.657098276497
801,1052155878.7489839,8905.775273639309,28070.657098276497
802,1052155878.7489839,8905.775273639309,28070.657098276497
803,1052155878.7489839,8905.775273639309,28070.657098276497
804,1052155878.7489839,8905.775273639309,28070.657098276497
805,1052155878.7489839,8905.775273639309,28070.657098276497
806,1052155878.7489839,8905.775273639309,28070.657098276497
807,1052155878.7489839,8905.775273639309,28070.657098276497
808,1052155878.7489839,8905.775273639309,28070.657098276497
809,1052155878.7489839,8905.775273639309,28070.657098276497
810,1052155878.7489839,8905.775273639309,28070.657098276497
811,1052155878.7489839,8905.775273639309,28070.657098276497
812,1052155878.7489839,8905.775273639309,28070.657098276497
813,1052155878.7489839,8905.775273639309,28070.657098276497
814,1052155878.7489839,8905.775273639309,28070.657098276497
815,1052155878.7489839,8905.775273639309,28070.657098276497
816,1052155878.7489839,8905.775273639309,28070.657098276497
817,1052155878.7489839,8905.775273639309,28070.657098276497
818,1052155878.7489839,8905.775273639309,28070.657098276497
819,1052155878.7489839,8905.775273639309,28070.657098276497
820,1052155878.7489839,8905.775273639309,28070.657098276497
821,1052155878.7489839,8905.775273639309,28070.657098276497
822,1052155878.7489839,8905.775273639309,28070.657098276497
823,1052155878.7489839,8905.775273639309,28070.657098276497
824,1052155878.7489839,8905.775273639309,28070.657098276497
825,1052155878.7489839,8905.775273639309,28070.657098276497
826,1052155878.7489839,8905.775273639309,28070.657098276497
827,1052155878.7489839,8905.775273639309,28070.657098276497
828,1052155878.7489839,8905.775273639309,28070.657098276497
829,1052155878.7489839,8905.775273639309,28070.657098276497
830,1052155878.7489839,8905.775273639309,28070.657098276497
831,1052155878.7489839,8905.775273639309,28070.657098276497
832,1052155878.7489839,8905.775273639309,28070.657098276497
833,1052155878.7489839,8905.775273639309,28070.657098276497
834,1052155878.7489839,8905.775273639309,28070.657098276497
835,1052155878.7489839,8905.775273639309,28070.657098276497
836,1052155878.7489839,8905.775273639309,28070.657098276497
837,1052155878.7489839,8905.775273639309,28070.657098276497
838,1052155878.7489839,8905.775273639309,28070.657098276497
839,1052155878.7489839,8905.775273639309,28070.657098276497
840,1052155878.7489839,8905.775273639309,28070.657098276497
841,1052155878.7489839,8905.775273639309,28070.657098276497
842,1052155878.7489839,8905.775273639309,28070.657098276497
843,1052155878.7489839,8905.775273639309,28070.657098276497
844,1052155878.7489839,8905.775273639309,28070.657098276497
845,1052155878.7489839,8905.775273639309,28070.657098276497
846,1052155878.7489839,8905.775273639309,28070.657098276497
847,1052155878.7489839,8905.775273639309,28070.657098276497
848,1052155878.7489839,8905.775273639309,28070.657098276497
849,1052155878.7489839,8905.775273639309,28070.657098276497
850,1052155878.7489839,8905.775273639309,28070.657098276497
851,1052155878.7489839,8905.775273639309,28070.657098276497
852,1052155878.7489839,8905.775273639309,28070.657098276497
853,1052155878.7489839,8905.775273639309,28070.657098276497
854,1052155878.7489839,8905.775273639309,28070.657098276497
855,1052155878.7489839,8905.775273639309,28070.657098276497
856,1052155878.7489839,8905.775273639309,28070.657098276497
857,1052155878.7489839,8905.775273639309,28070.657098276497
858,1052155878.7489839,8905.775273639309,28070.657098276497
859,1052155878.7489839,8905.775273639309,28070.657098276497
860,1052155878.7489839,8905.775273639309,28070.657098276497
861,1052155878.7489839,8905.775273639309,28070.657098276497
862,1052155878.7489839,8905.775273639309,28070.657098276497
863,1052155878.7489839,8905.775273639309,28070.657098276497
864,1052155878.7489839,8905.775273639309,28070.657098276497
865,1052155878.7489839,8905.775273639309,28070.657098276497
866,1052155878.7489839,8905.775273639309,28070.657098276497
867,1052155878.7489839,8905.775273639309,28070.657098276497
868,1052155878.7489839,8905.775273639309,28070.657098276497
869,1052155878.7489839,8905.775273639309,28070.657098276497
870,1052155878.7489839,8905.775273639309,28070.657098276497
871,1052155878.7489839,8905.775273639309,28070.657098276497
872,1052155878.7489839,8905.775273639309,28070.657098276497
873,1052155878.7489839,8905.775273639309,28070.657098276497
874,1052155878.7489839,8905.775273639309,28070.657098276497
875,1052155878.7489839,8905.775273639309,28070.657098276497
876,1052155878.7489839,8905.775273639309,28070.657098276497
877,1052155878.7489839,8905.775273639309,28070.657098276497
878,1052155878.7489839,8905.775273639309,28070.657098276497
879,1052155878.7489839,8905.775273639309,28070.657098276497
880,1052155878.7489839,8905.775273639309,28070.657098276497
881,1052155878.7489839,8905.775273639309,28070.657098276497
882,1052155878.7489839,8905.775273639309,28070.657098276497
883,1052155878.7489839,8905.775273639309,28070.657098276497
884,1052155878.7489839,8905.775273639309,28070.657098276497
885,1052155878.7489839,8905.775273639309,28070.657098276497
886,1052155878.7489839,8905.775273639309,28070.657098276497
887,1052155878.7489839,8905.775273639309,28070.657098276497
888,1052155878.7489839,8905.775273639309,28070.657098276497
889,1052155878.7489839,8905.775273639309,28070.657098276497
890,1052155878.7489839,8905.775273639309,28070.657098276497
891,1052155878.7489839,8905.775273639309,28070.657098276497
892,1052155878.7489839,8905.775273639309,28070.657098276497
893,1052155878.7489839,8905.775273639309,28070.657098276497
894,1052155878.7489839,8905.775273639309,28070.657098276497
895,1052155878.7489839,8905.775273639309,28070.657098276497
896,1052155878.7489839,8905.775273639309,28070.657098276497
897,1052155878.7489839,8905.775273639309,28070.657098276497
898,1052155878.7489839,8905.775273639309,28070.657098276497
899,1052155878.7489839,8905.775273639309,28070.657098276497
900,1052155878.7489839,8905.775273639309,28070.657098276497
901,1052155878.7489839,8905.775273639309,28070.657098276497
902,1052155878.7489839,8905.775273639309,28070.657098276497
903,1052155878.7489839,8905.775273639309,28070.657098276497
904,1052155878.7489839,8905.775273639309,28070.657098276497
905,1052155878.7489839,8905.775273639309,28070.657098276497
906,1052155878.7489839,8905.775273639309,28070.657098276497
907,1052155878.7489839,8905.775273639309,28070.657098276497
908,1052155878.7489839,8905.775273639309,28070.657098276497
909,1052155878.7489839,8905.775273639309,28070.657098276497
910,1052155878.7489839,8905.775273639309,28070.657098276497
911,1052155878.7489839,8905.775273639309,28070.657098276497
912,1052155878.7489839,8905.775273639309,28070.657098276497
913,1052155878.7489839,8905.775273639309,28070.657098276497
914,1052155878.7489839,8905.775273639309,28070.657098276497
915,1052155878.7489839,8905.775273639309,28070.657098276497
916,1052155878.7489839,8905.775273639309,28070.657098276497
917,1052155878.7489839,8905.775273639309,28070.657098276497
918,1052155878.7489839,8905.775273639309,28070.657098276497
919,1052155878.7489839,8905.775273639309,28070.657098276497
920,1052155878.7489839,8905.775273639309,28070.657098276497
921,1052155878.7489839,8905.775273639309,28070.657098276497
922,1052155878.7489839,8905.775273639309,28070.657098276497
923,1052155878.7489839,8905.775273639309,28070.657098276497
924,1052155878.7489839,8905.775273639309,28070.657098276497
925,1052155878.7489839,8905.775273639309,28070.657098276497
926,1052155878.7489839,8905.775273639309,28070.657098276497
927,1052155878.7489839,8905.775273639309,28070.657098276497
928,1052155878.7489839,8905.775273639309,28070.657098276497
929,1052155878.7489839,8905.775273639309,28070.657098276497
930,1052155878.7489839,8905.775273639309,28070.657098276497
931,1052155878.7489839,8905.775273639309,28070.657098276497
932,1052155878.7489839,8905.775273639309,28070.657098276497
933,1052155878.7489839,8905.775273639309,28070.657098276497
934,1052155878.7489839,8905.775273639309,28070.657098276497
935,1052155878.7489839,8905.775273639309,28070.657098276497
936,1052155878.7489839,8905.775273639309,28070.657098276497
937,1052155878.7489839,8905.775273639309,28070.657098276497
938,1052155878.7489839,8905.775273639309,28070.657098276497
939,1052155878.7489839,8905.775273639309,28070.657098276497
940,1052155878.7489839,8905.775273639309,28070.657098276497
941,1052155878.7489839,8905.775273639309,28070.657098276497
942,1052155878.7489839,8905.775273639309,28070.657098276497
943,1052155878.7489839,8905.775273639309,28070.657098276497
944,1052155878.7489839,8905.775273639309,28070.657098276497
945,1052155878.7489839,8905.775273639309,28070.657098276497
946,1052155878.7489839,8905.775273639309,28070.657098276497
947,1052155878.7489839,8905.775273639309,28070.657098276497
948,1052155878.7489839,8905.775273639309,28070.657098276497
949,1052155878.7489839,8905.775273639309,28070.657098276497
950,1052155878.7489839,8905.775273639309,28070.657098276497
951,1052155878.7489839,8905.775273639309,28070.657098276497
952,1052155878.7489839,8905.775273639309,28070.657098276497
953,1052155878.7489839,8905.775273639309,28070.657098276497
954,1052155878.7489839,8905.775273639309,28070.657098276497
955,1052155878.7489839,8905.775273639309,28070.657098276497
956,1052155878.7489839,8905.775273639309,28070.657098276497
957,1052155878.7489839,8905.775273639309,28070.657098276497
958,1052155878.7489839,8905.775273639309,28070.657098276497
959,1052155878.7489839,8905.775273639309,28070.657098276497
960,1052155878.7489839,8905.775273639309,28070.657098276497
961,1052155878.7489839,8905.775273639309,28070.657098276497
962,1052155878.7489839,8905.775273639309,28070.657098276497
963,1052155878.7489839,8905.775273639309,28070.657098276497
964,1052155878.7489839,8905.775273639309,28070.657098276497
965,1052155878.7489839,8905.775273639309,28070.657098276497
966,1052155878.7489839,8905.775273639309,28070.657098276497
967,1052155878.7489839,8905.775273639309,28070.657098276497
968,1052155878.7489839,8905.775273639309,28070.657098276497
969,1052155878.7489839,8905.775273639309,28070.657098276497
970,1052155878.7489839,8905.775273639309,28070.657098276497
971,1052155878.7489839,8905.775273639309,28070.657098276497
972,1052155878.7489839,8905.775273639309,28070.657098276497
973,1052155878.7489839,8905.775273639309,28070.657098276497
974,1052155878.7489839,8905.775273639309,28070.657098276497
975,1052155878.7489839,8905.775273639309,28070.657098276497
976,1052155878.7489839,8905.775273639309,28070.657098276497
977,1052155878.7489839,8905.775273639309,28070.657098276497
978,1052155878.7489839,8905.775273639309,28070.657098276497
979,1052155878.7489839,8905.775273639309,28070.657098276497
980,1052155878.7489839,8905.775273639309,28070.657098276497
981,1052155878.7489839,8905.775273639309,28070.657098276497
982,1052155878.7489839,8905.775273639309,28070.657098276497
983,1052155878.7489839,8905.775273639309,28070.657098276497
984,1052155878.7489839,8905.775273639309,28070.657098276497
985,1052155878.7489839,8905.775273639309,28070.657098276497
986,1052155878.7489839,8905.775273639309,28070.657098276497
987,1052155878.7489839,8905.775273639309,28070.657098276497
988,1052155878.7489839,8905.775273639309,28070.657098276497
989,1052155878.7489839,8905.775273639309,28070.657098276497
990,1052155878.7489839,8905.775273639309,28070.657098276497
991,1052155878.7489839,8905.775273639309,28070.657098276497
992,1052155878.7489839,8905.775273639309,28070.657098276497
993,1052155878.7489839,8905.775273639309,28070.657098276497
994,1052155878.7489839,8905.775273639309,28070.657098276497
995,1052155878.7489839,8905.775273639309,28070.657098276497
996,1052155878.7489839,8905.775273639309,28070.657098276497
997,1052155878.7489839,8905.775273639309,28070.657098276497
998,1052155878.7489839,8905.775273639309,28070.657098276497
999,1052155878.7489839,8905.775273639309,28070.657098276497
